{
  "IcoMoonType": "selection",
  "icons": [
    {
      "icon": {
        "paths": [
          "M153.6 307.2c0-56.32 46.080-102.4 102.4-102.4h409.6l204.8-204.8h102.4v819.2h-102.4l-204.8-204.8h-409.6c-56.554 0-102.4-45.846-102.4-102.4v0h-102.4v-204.8h102.4zM563.2 768v256h-153.6l-85.504-256h-68.096v-102.4h409.6v102.4h-102.4z"
        ],
        "attrs": [],
        "isMulticolor": false,
        "isMulticolor2": false,
        "tags": [
          "announcement"
        ],
        "grid": 20
      },
      "attrs": [],
      "properties": {
        "id": 11,
        "order": 16,
        "prevSize": 20,
        "name": "announcement"
      },
      "setIdx": 0,
      "setId": 3,
      "iconIdx": 10
    },
    {
      "icon": {
        "paths": [
          "M358.4 0h-51.2l-307.2 153.6v307.2l204.8-51.2v614.4h614.4v-614.4l204.8 51.2v-307.2l-307.2-153.6h-51.2c0 84.831-68.769 153.6-153.6 153.6s-153.6-68.769-153.6-153.6v0z"
        ],
        "attrs": [],
        "isMulticolor": false,
        "isMulticolor2": false,
        "tags": [
          "apparel"
        ],
        "grid": 20
      },
      "attrs": [],
      "properties": {
        "id": 12,
        "order": 14,
        "prevSize": 20,
        "name": "apparel"
      },
      "setIdx": 0,
      "setId": 3,
      "iconIdx": 11
    },
    {
      "icon": {
        "paths": [
          "M806.4 409.6l-191.488-192c-0.314-4.244-0.493-9.193-0.493-14.184 0-112.825 91.463-204.288 204.288-204.288 56.879 0 108.329 23.246 145.368 60.755l0.021 0.021c37.373 37.113 60.506 88.522 60.506 145.335 0 113.108-91.692 204.8-204.8 204.8-4.715 0-9.394-0.159-14.030-0.473l0.628 0.034zM94.72 783.36l471.040-470.528 144.896 144.896-471.040 471.040-144.384-145.408zM23.040 928.256l108.032-108.544 72.704 72.704-108.544 108.544-72.704-72.704zM512 768l102.4-102.4v358.4h-102.4v-256z"
        ],
        "attrs": [],
        "isMulticolor": false,
        "isMulticolor2": false,
        "tags": [
          "artist"
        ],
        "grid": 20
      },
      "attrs": [],
      "properties": {
        "id": 29,
        "order": 15,
        "prevSize": 20,
        "name": "artist"
      },
      "setIdx": 0,
      "setId": 3,
      "iconIdx": 28
    },
    {
      "icon": {
        "paths": [],
        "attrs": [],
        "width": 1820,
        "isMulticolor": false,
        "isMulticolor2": false,
        "grid": 0,
        "tags": [
          "simple"
        ]
      },
      "attrs": [],
      "properties": {
        "order": 12,
        "id": 1,
        "name": "simple",
        "prevSize": 32
      },
      "setIdx": 1,
      "setId": 2,
      "iconIdx": 0
    },
    {
      "icon": {
        "paths": [],
        "attrs": [],
        "width": 1820,
        "isMulticolor": false,
        "isMulticolor2": false,
        "grid": 0,
        "tags": [
          "onsoft"
        ]
      },
      "attrs": [],
      "properties": {
        "order": 13,
        "id": 0,
        "name": "onsoft",
        "prevSize": 32
      },
      "setIdx": 1,
      "setId": 2,
      "iconIdx": 1
    },
    {
      "icon": {
        "paths": [
          "M136.533 0h819.2c75.405 0 136.533 61.128 136.533 136.533v750.933c0 75.405-61.128 136.533-136.533 136.533h-819.2c-75.405 0-136.533-61.128-136.533-136.533v-750.933c0-75.405 61.128-136.533 136.533-136.533z",
          "M270.133 529.18l-4.695-4.48-70.546 66.825 248.551 237.109 522.183-498.145-70.083-66.856-452.098 430.877-173.311-165.331z"
        ],
        "attrs": [
          {
            "fill": "rgb(33, 150, 243)"
          },
          {
            "fill": "rgb(255, 255, 255)",
            "stroke": "rgb(255, 255, 255)",
            "strokeLinejoin": "miter",
            "strokeLinecap": "butt",
            "strokeMiterlimit": "4",
            "strokeWidth": 13.653333333333334
          }
        ],
        "width": 1092,
        "isMulticolor": true,
        "isMulticolor2": true,
        "grid": 0,
        "tags": [
          "icon check"
        ],
        "colorPermutations": {
          "2552552551331502431": [
            {
              "f": 0
            },
            {
              "f": 1,
              "s": 1
            }
          ]
        }
      },
      "attrs": [
        {
          "fill": "rgb(33, 150, 243)"
        },
        {
          "fill": "rgb(255, 255, 255)",
          "stroke": "rgb(255, 255, 255)",
          "strokeLinejoin": "miter",
          "strokeLinecap": "butt",
          "strokeMiterlimit": "4",
          "strokeWidth": 13.653333333333334
        }
      ],
      "properties": {
        "order": 11,
        "id": 0,
        "name": "icon-check",
        "prevSize": 32
      },
      "setIdx": 2,
      "setId": 1,
      "iconIdx": 0
    }
  ],
  "height": 1024,
  "preferences": {
    "showGlyphs": true,
    "showCodes": true,
    "showQuickUse": true,
    "showQuickUse2": true,
    "showSVGs": true,
    "fontPref": {
      "prefix": "icon-",
      "metadata": {},
      "metrics": {
        "emSize": 1024,
        "baseline": 6.25,
        "whitespace": 50
      }
    },
    "imagePref": {
      "prefix": "icon-",
      "png": true,
      "useClassSelector": true,
      "color": 0,
      "bgColor": 16777215,
      "name": "icomoon",
      "classSelector": ".icon"
    },
    "historySize": 50
  }
}